{"min_lon": 86, "max_lon": 89, "min_lat": -12, "max_lat": -9, "total_danger": 0, "total_number_of_attacks": 0, "goal": [88, -10], "start": [86, -12], "states": {"(86, -12)": {"neighbours": [[[87, -12], 0], [[86, -11], 1]], "n_attacks": 0, "danger": 0, "to_goal": 2.8284271247461903, "density": 18597.84865}, "(86, -11)": {"neighbours": [[[87, -11], 0], [[86, -10], 1], [[86, -12], 3]], "n_attacks": 0, "danger": 0, "to_goal": 2.23606797749979, "density": 11683.139975}, "(86, -10)": {"neighbours": [[[87, -10], 0], [[86, -9], 1], [[86, -11], 3]], "n_attacks": 0, "danger": 0, "to_goal": 2.0, "density": 6435.285425}, "(86, -9)": {"neighbours": [[[87, -9], 0], [[86, -10], 3]], "n_attacks": 0, "danger": 0, "to_goal": 2.23606797749979, "density": 11236.605}, "(87, -12)": {"neighbours": [[[88, -12], 0], [[87, -11], 1], [[86, -12], 2]], "n_attacks": 0, "danger": 0, "to_goal": 2.23606797749979, "density": 21016.285975}, "(87, -11)": {"neighbours": [[[88, -11], 0], [[87, -10], 1], [[86, -11], 2], [[87, -12], 3]], "n_attacks": 0, "danger": 0, "to_goal": 1.4142135623730951, "density": 12670.78305}, "(87, -10)": {"neighbours": [[[88, -10], 0], [[87, -9], 1], [[86, -10], 2], [[87, -11], 3]], "n_attacks": 0, "danger": 0, "to_goal": 1.0, "density": 8963.94815}, "(87, -9)": {"neighbours": [[[88, -9], 0], [[86, -9], 2], [[87, -10], 3]], "n_attacks": 0, "danger": 0, "to_goal": 1.4142135623730951, "density": 7504.058975}, "(88, -12)": {"neighbours": [[[89, -12], 0], [[88, -11], 1], [[87, -12], 2]], "n_attacks": 0, "danger": 0, "to_goal": 2.0, "density": 30007.120675}, "(88, -11)": {"neighbours": [[[89, -11], 0], [[88, -10], 1], [[87, -11], 2], [[88, -12], 3]], "n_attacks": 0, "danger": 0, "to_goal": 1.0, "density": 18645.39485}, "(88, -10)": {"neighbours": [[[89, -10], 0], [[88, -9], 1], [[87, -10], 2], [[88, -11], 3]], "n_attacks": 0, "danger": 0, "to_goal": 0.0, "density": 11827.57345}, "(88, -9)": {"neighbours": [[[89, -9], 0], [[87, -9], 2], [[88, -10], 3]], "n_attacks": 0, "danger": 0, "to_goal": 1.0, "density": 6773.123425}, "(89, -12)": {"neighbours": [[[89, -11], 1], [[88, -12], 2]], "n_attacks": 0, "danger": 0, "to_goal": 2.23606797749979, "density": 61031.385175}, "(89, -11)": {"neighbours": [[[89, -10], 1], [[88, -11], 2], [[89, -12], 3]], "n_attacks": 0, "danger": 0, "to_goal": 1.4142135623730951, "density": 19223.544325}, "(89, -10)": {"neighbours": [[[89, -9], 1], [[88, -10], 2], [[89, -11], 3]], "n_attacks": 0, "danger": 0, "to_goal": 1.0, "density": 11213.033775}, "(89, -9)": {"neighbours": [[[88, -9], 2], [[89, -10], 3]], "n_attacks": 0, "danger": 0, "to_goal": 1.4142135623730951, "density": 10910.0994}}, "scale": 1}