{"P": [[4.0, 5.0, 6.0, 7.0, 8.0, 9.0, 10.0, 11.0, 12.0, 13.0, 14.0, 15.0, 12.0, 13.0, 14.0, 15.0], [1.0, 2.0, 3.0, 3.0, 5.0, 6.0, 7.0, 7.0, 9.0, 10.0, 11.0, 11.0, 13.0, 14.0, 15.0, 15.0], [0.0, 1.0, 2.0, 3.0, 0.0, 1.0, 2.0, 3.0, 4.0, 5.0, 6.0, 7.0, 8.0, 9.0, 10.0, 11.0], [0.0, 0.0, 1.0, 2.0, 4.0, 4.0, 5.0, 6.0, 8.0, 8.0, 9.0, 10.0, 12.0, 12.0, 13.0, 14.0]], "R": [[-70.66116330771806, -71.11258679024411, -71.55417527999327, -71.55417527999327], [-70.21395872616783, -70.68238818828917, -71.11258679024411, -71.55417527999327], [-69.77822009767804, -70.26378868236469, -70.68238818828917, -71.11258679024411], [-69.35416353759881, -70.26378868236469, -70.26378868236469, -70.68238818828917], [-69.77105417004964, -70.21395872616783, -71.55417527999327, -70.66116330771806], [-69.31810730249349, -69.77822009767804, -71.11258679024411, -70.66116330771806], [-68.87670143089025, -69.35416353759881, -70.68238818828917, -70.21395872616783], [-68.4470598345904, -69.35416353759881, -70.26378868236469, -69.77822009767804], [-68.8839603971781, -69.31810730249349, -70.66116330771806, -69.77105417004964], [-68.42514157822401, -68.87670143089025, -70.21395872616783, -69.77105417004964], [-67.97793759742936, -68.4470598345904, -69.77822009767804, -69.31810730249349], [-67.54257916307313, -68.4470598345904, -69.35416353759881, -68.87670143089025], [-68.8839603971781, -68.42514157822401, -69.77105417004964, -68.8839603971781], [-68.42514157822401, -67.97793759742936, -69.31810730249349, -68.8839603971781], [-67.97793759742936, -67.54257916307313, -68.87670143089025, -68.42514157822401], [-67.54257916307313, -67.54257916307313, -68.4470598345904, -67.97793759742936]]}