{"policy": [0, 0, 0, 0, 1, 0, 0, 0, 1, 1, 0, 3, 1, 1, 2, 2], "utility": [[-2.2361, -1.4142, -1.0, -1.4142, -1.4142, -1.0, 100.0, -1.0, -1.0, 100.0, -1.0, 100.0, -1.4142, -1.0, 100.0, -1.0], [363.61564500000003, 364.43754500000006, 364.85174500000005, 364.43754500000006, 364.43754500000006, 364.85174500000005, 465.85174500000005, 364.85174500000005, 364.85174500000005, 465.85174500000005, 364.85174500000005, 465.85174500000005, 364.43754500000006, 364.85174500000005, 465.85174500000005, 364.85174500000005]], "iter": 2}