{"policy": [0, 0, 0, 0, 0, 0, 0, 0, 0, 0, 0, 0, 1, 1, 1, 0], "utility": [[-70.66116330771806, -70.21395872616783, -69.77822009767804, -69.35416353759881, -69.77105417004964, -69.31810730249349, -68.87670143089025, -68.4470598345904, -68.8839603971781, -68.42514157822401, -67.97793759742936, -67.54257916307313, -68.42514157822401, -67.97793759742936, -67.54257916307313, -67.54257916307313], [-1116.3625337203644, -1115.9153291388143, -1115.4795905103244, -1115.0555339502453, -1115.472424582696, -1115.0194777151398, -1114.5780718435367, -1114.1484302472368, -1114.5853308098244, -1114.1265119908703, -1113.6793080100758, -1113.2439495757194, -1114.1265119908703, -1113.6793080100758, -1113.2439495757194, -1113.2439495757194]], "iter": 2}