{"policy": [0, 0, 0, 0, 0, 0, 0, 0, 0, 0, 0, 0, 1, 1, 1, 0], "utility": [[-70.66116330771806, -70.21395872616782, -69.77822009767804, -69.3541635375988, -69.77105417004962, -69.31810730249349, -68.87670143089026, -68.4470598345904, -68.8839603971781, -68.42514157822401, -67.97793759742936, -67.54257916307313, -68.42514157822401, -67.97793759742936, -67.54257916307313, -67.54257916307313], [-1116.362533720364, -1115.9153291388138, -1115.479590510324, -1115.0555339502448, -1115.4724245826956, -1115.0194777151394, -1114.5780718435362, -1114.1484302472363, -1114.585330809824, -1114.1265119908699, -1113.6793080100754, -1113.243949575719, -1114.1265119908699, -1113.6793080100754, -1113.243949575719, -1113.243949575719]], "iter": 2}